Passenger_ID,Name,Age,Gender,Email,Phone_Number
P0001,Alan Simpson,39,Female,lli@hill.net,(256)676-4940x764
P0002,Heidi Brandt,26,Male,sara14@hotmail.com,127-606-3084
P0003,Melvin Oneal,25,Female,jjordan@williams-davis.biz,178-672-4108x1745
P0004,Stephanie Deleon,35,Male,tylermonroe@ryan.net,821-802-1469
P0005,Troy Wells,45,Female,wvaldez@gmail.com,159.762.4519x3524
P0006,Sara Nguyen,28,Female,johnsonjames@herrera-campbell.net,286.657.1039x65496
P0007,Jodi Lara,28,Male,nuneznicholas@gmail.com,(564)056-5397x19587
P0008,Nicholas Saunders,33,Male,hernandezerica@cole.net,001-184-423-5575x073
P0009,Melissa Thompson,46,Male,melissawest@yahoo.com,(948)643-9547x14077
P0010,Tyrone Evans MD,31,Female,jerryward@davenport.com,525.532.9469x8888
P0011,John Allen,22,Female,hodgecurtis@cuevas-hoover.info,001-783-011-4097x8267
P0012,Stephanie White,23,Female,nrios@hotmail.com,(943)377-8502x7264
P0013,Mrs. Lisa Howard,31,Female,michelle88@yahoo.com,(905)002-2326x821
P0014,Jared Randall,21,Female,jack16@yahoo.com,217.119.6561x4426
P0015,Melanie Stark,29,Male,carlosmiller@pham-wiley.com,471.940.8912x74065
P0016,Christopher Clark,36,Female,justin70@torres.com,001-363-747-2521x218
P0017,Andrea Anderson,48,Male,adam78@hotmail.com,0552567775
P0018,Miss Rachel Frederick MD,35,Female,stanley14@wilson.com,+1-719-511-2686x72413
P0019,Ashley Torres,49,Female,iweber@gmail.com,058.626.6870
P0020,Amber Hopkins,30,Female,leedaniel@perez.net,593-230-6689x264
P0021,Margaret Walton,19,Male,molly27@gmail.com,001-193-239-5826x506
P0022,Stacey Mathews,20,Female,kristen86@wright-allen.com,+1-337-357-2848x580
P0023,Victoria Wheeler,40,Female,sotojennifer@gmail.com,2705890845
P0024,Kirk Bennett,31,Male,yho@hotmail.com,6115844598
P0025,James Ball,30,Male,lisa11@hotmail.com,508.908.6413x1580
P0026,Marcus Morgan,20,Female,donald20@tate.org,+1-339-148-2222x463
P0027,Kimberly Nguyen,60,Female,naguirre@hotmail.com,2827576826
P0028,Christina Drake,57,Male,awilliams@yahoo.com,(994)988-8721
P0029,David Rivera,26,Male,zwilliams@stewart.com,106-773-3170x45825
P0030,Christine Chandler,57,Female,wcaldwell@reese-jackson.com,001-951-741-8665x88703
P0031,Johnny Harris,43,Female,tnorman@hill.com,2201632606
P0032,John Andrews,58,Male,laurathomas@gmail.com,(406)046-1195x92459
P0033,Christine Fleming,44,Female,lauren14@archer.com,(545)372-2351x43392
P0034,Kelly Dean,59,Female,dlambert@greer.net,820-517-6608x07387
P0035,Charles Peterson,56,Female,zacharylowe@martin.com,001-944-677-1781x2600
P0036,John Parks,39,Female,dennisjohnson@hotmail.com,001-131-597-6705x487
P0037,Tina Hunt,23,Female,wadejeffrey@gmail.com,534-788-0709
P0038,Olivia Johnson,24,Male,joan70@gmail.com,+1-590-173-9435x79718
P0039,Ashlee Villegas,24,Male,ycummings@hotmail.com,(186)203-3912x56162
P0040,Melinda Mason,46,Male,amandachandler@gmail.com,036.350.6292
P0041,Bradley Sexton,33,Female,kathrynconner@yahoo.com,+1-215-137-9656x1439
P0042,Zachary Vega,35,Male,millersherry@mitchell.com,+1-034-564-2315x7651
P0043,Richard Black,20,Female,vvaldez@morton.info,(657)117-4742
P0044,Jessica Williams,46,Male,hallmargaret@rios.com,993-691-6864x7583
P0045,Lisa Gallagher,50,Male,vbutler@riley-moore.com,001-138-213-7805x39256
P0046,Rebecca Thompson,30,Male,turnerangela@miranda.org,(646)879-6742x4982
P0047,Troy Morales,38,Male,ywu@goodwin-rice.com,001-377-468-5649
P0048,Emily Dawson,38,Female,kathryn05@gordon.net,(745)189-6751
P0049,Terri Thomas,58,Male,annstone@yahoo.com,724-791-0302x90731
P0050,Christina Graham,59,Female,adamchung@simpson-wade.com,175.944.5238
P0051,Elizabeth Christensen,20,Female,sara79@yahoo.com,+1-567-213-1284x92144
P0052,Douglas Murray,34,Female,hannahschneider@yahoo.com,829-683-1346x38578
P0053,James Hale,58,Male,baldwinmichael@hotmail.com,657-713-2367x22494
P0054,Kathryn Christensen,48,Female,gardnertimothy@hotmail.com,+1-875-004-1764x17591
P0055,Marcus Robles,44,Female,lhernandez@leon.com,+1-518-526-0035x76590
P0056,Marilyn Campbell,29,Male,crossvickie@delacruz-rollins.net,(219)594-6708x653
P0057,Laura Perry,42,Male,lisa15@hotmail.com,038.692.5705x38679
P0058,Phillip Everett,52,Female,ashleybradley@francis.com,804.282.2422x0601
P0059,Grace Hall,35,Male,daniellewilson@torres-flores.com,679-812-4707x1865
P0060,Cynthia Nelson,32,Female,sarah51@wilson.net,(845)340-1145x4418
P0061,Michael Wagner,48,Female,david82@romero.org,001-422-243-2490x529
P0062,Anthony Bradford,43,Female,lindsey95@yahoo.com,(823)577-4912
P0063,Ian Rosales,23,Male,johnsonnicole@yahoo.com,388.241.8515x831
P0064,Tracy Foster,32,Female,cassie13@gmail.com,857.769.7377
P0065,Alexis Schultz,20,Male,robertyoung@gmail.com,(516)860-7509x2723
P0066,Jamie Johnson,47,Female,jessica08@gmail.com,090.262.3612
P0067,Kevin Robinson,49,Female,manueldavis@carrillo.com,918-620-6697x25367
P0068,Matthew Wilson,53,Female,williamsstanley@hotmail.com,(611)469-3316x60132
P0069,Jose Hall,34,Male,glawson@yahoo.com,840-022-0258x8796
P0070,Chris Armstrong,40,Male,swansonjames@gmail.com,820-750-7251x062
P0071,Steve Jones,30,Male,darrenmckinney@williams-liu.com,778.081.3201x2676
P0072,Crystal Reynolds,35,Female,danielgarcia@sanchez.com,+1-761-049-8413
P0073,Vickie Wyatt,40,Female,hernandezshawn@hotmail.com,(459)036-5888
P0074,Steven Coffey,53,Male,albertcarey@jones-martin.com,747.049.2644
P0075,Kenneth Morales,51,Female,pdelgado@hotmail.com,186-425-2379
P0076,Martin Beck,40,Female,george27@gmail.com,(407)740-3067
P0077,Amanda Cox,33,Male,karenarellano@hotmail.com,567-620-2897
P0078,Mr. Dave Kennedy DDS,60,Female,charris@hotmail.com,001-638-963-3979x5227
P0079,James Ballard,32,Female,sarahwarren@blair.com,108-017-0117x60843
P0080,Jacob Rodriguez,35,Female,heidimiller@yahoo.com,402-755-4528
P0081,Amanda Holland,37,Female,ljohnson@pierce.com,+1-732-706-9882x1854
P0082,Jake Thompson,32,Female,patrickrobert@yahoo.com,859-414-5650
P0083,Marie Harris,24,Female,sthompson@gmail.com,691-413-8519
P0084,Patrick Morales,29,Female,deanmcdonald@ramos.com,624-665-3300
P0085,Lindsey Mendez,37,Female,lopezjackson@gmail.com,+1-077-451-6846x480
P0086,Andrew Christian,48,Male,njackson@hotmail.com,001-384-006-5146x9474
P0087,Laura White,37,Female,wrightgina@rivas-ross.com,540.332.1899x43112
P0088,Tyler Hayes,59,Male,elizabeth84@gentry.org,+1-571-650-2262x82552
P0089,Michael Wright,37,Male,timothy01@gmail.com,(236)984-9856
P0090,Martin Wheeler,43,Female,pweber@bauer.com,+1-338-313-9944
P0091,Dustin Reid,22,Female,lmoreno@murphy-snyder.com,864-011-1471x972
P0092,Shelby Brown,22,Male,tyoung@hotmail.com,496.492.7309x66085
P0093,Shawn Wilson,18,Male,garcialouis@gibbs-pace.com,001-239-588-7433x84190
P0094,Carl Jenkins,43,Male,deborah47@roberts-sutton.info,698-540-3748
P0095,Madison Richmond DVM,26,Male,saundersdanielle@hotmail.com,+1-667-004-9092x26306
P0096,Timothy Wilson,28,Female,makaylawilson@gmail.com,127.435.0483
P0097,Stephen Harper,51,Female,collinsaudrey@gmail.com,6416308692
P0098,Robert Dennis,56,Male,timothyjohnson@thomas.com,001-480-738-6987
P0099,Connie Owens,29,Female,steven40@yahoo.com,863-191-9455
P0100,John Williams,60,Female,wkeller@mcintosh-jones.com,038.553.8593
P0101,Christina Knight,26,Male,nleblanc@gmail.com,001-629-611-9902x45543
P0102,Amanda Barton,57,Female,glennnelson@hotmail.com,521.644.6912x1342
P0103,Kevin Powell,60,Male,emma02@rodriguez.com,(304)517-6643x3850
P0104,Stephanie Warner,34,Female,campbelltonya@young.com,(362)118-4277
P0105,Troy Manning,44,Male,frederickramirez@beck-bradford.net,001-563-955-0454
P0106,Dana Kaiser,18,Male,anna81@hotmail.com,102-365-3355x604
P0107,Natalie Kim,47,Male,nicholas18@gmail.com,001-703-037-6515
P0108,Larry Jordan,28,Male,randy35@hotmail.com,(394)478-1332x1851
P0109,Courtney Franco,35,Male,allenjulia@gmail.com,001-096-107-5641
P0110,Megan Durham,22,Male,burnettconnie@gmail.com,(984)232-5846x346
P0111,Laura Bradley,29,Male,luiswebb@miller-wiley.info,109-454-1390x171
P0112,Carla Brown,20,Male,sandrabates@hoffman.info,9254381028
P0113,Michael Martinez,38,Male,ryanbrenda@ramirez-lee.com,(337)525-7722x312
P0114,Elizabeth Hardy,41,Male,virginiaclark@hotmail.com,724.837.8277x5690
P0115,Jennifer Werner,32,Male,qnguyen@gmail.com,(224)559-5312x2015
P0116,Kevin Bradshaw,46,Female,edwintorres@yahoo.com,258.265.8893
P0117,Timothy Hawkins,21,Male,austinkane@hotmail.com,001-529-745-6033x5738
P0118,Wayne Graham,26,Female,sarahyoung@graham-pham.com,583-401-8187
P0119,Jennifer Sellers,18,Female,edwardjenkins@winters-bishop.net,325.368.9424x366
P0120,Brian Cervantes,36,Male,kevin16@yahoo.com,285.842.5387
P0121,Jessica Williams,19,Male,masonmcdonald@gmail.com,001-845-635-6695x26194
P0122,Charlotte Taylor,34,Female,john25@smith.biz,(948)040-6183x47072
P0123,Christopher Shelton,29,Female,daryl80@yahoo.com,(757)679-8417x7330
P0124,Michael Gray,35,Male,myoung@gmail.com,001-221-240-6216x71015
P0125,Gary Hall,23,Male,lisa16@watson.com,(280)350-3180x5771
P0126,Jennifer Diaz,35,Female,kmiranda@simmons-lawson.com,001-246-769-8446
P0127,Brittney Wilkinson,40,Female,adammarshall@pena.org,865-573-6186x6157
P0128,John Hicks,32,Female,michellemyers@pearson.net,967.611.8157
P0129,James Mathews,50,Male,tyler48@allen-carr.info,832.240.8587x37956
P0130,Scott Barnett,58,Female,aspencer@hotmail.com,(214)799-5079
P0131,Robert Davis,20,Male,charles27@yahoo.com,(819)303-3646
P0132,Melanie Jones,59,Male,nelsontina@lee-thornton.net,764-034-5293
P0133,Carol Torres,22,Female,theresabowen@bishop-edwards.org,+1-419-373-1587x4332
P0134,Erin Henderson,38,Male,bjones@rhodes-jordan.biz,(464)123-1363
P0135,Steve Pacheco,39,Female,johnstonmark@hotmail.com,(732)308-5046x096
P0136,Ebony Long,59,Female,elliskelli@yahoo.com,576.847.1075x2766
P0137,Mark Salazar,48,Female,kcastro@gmail.com,412.653.8004x36061
P0138,Juan May,18,Female,berryrebecca@yahoo.com,673-420-8034
P0139,Evan Weiss,39,Female,mmorris@hotmail.com,+1-240-662-2294x47855
P0140,Joanna Peters,49,Male,savannah49@garrett-knight.com,001-762-600-3627
P0141,Austin Burton,45,Male,rebeccarios@gmail.com,732.776.1838
P0142,Sara Richards,55,Female,aevans@yahoo.com,(874)930-9463x6091
P0143,Lindsay Lewis,25,Male,shieldsdenise@yahoo.com,+1-508-807-0904x421
P0144,Hannah Phillips,18,Male,echristian@gmail.com,+1-010-434-7797
P0145,Jessica Jones,59,Female,sandersthomas@hall.org,529.169.7761x014
P0146,Jocelyn Mcguire,20,Male,samanthaabbott@yahoo.com,001-552-373-2721x278
P0147,Dr. Andrea Reed,33,Male,michael78@fry.biz,(400)771-7234x49732
P0148,Christopher Mcgee,51,Female,clam@collier.com,492.795.4406x54557
P0149,Eric Bradshaw,42,Male,ssmith@jones-mccormick.biz,9545555051
P0150,Philip Grimes,18,Female,marktaylor@hotmail.com,(489)008-9411x658
P0151,Dakota Hernandez,45,Male,christopherjackson@anthony-williams.com,(753)845-8057
P0152,Erin Bell,49,Male,tonymata@yahoo.com,+1-353-311-0119
P0153,Zachary Mendez,33,Male,jasmin16@gmail.com,256.302.3317x39533
P0154,Thomas Bennett,45,Male,bthompson@bruce-ross.com,013-136-5614
P0155,Michael Kramer,25,Female,brownjeffrey@li.com,+1-983-928-6829
P0156,Sandra Young,48,Female,samanthaclements@daniel.com,755.225.2731
P0157,Shannon Johnson,38,Female,frodriguez@hotmail.com,8585653028
P0158,Nicole Savage,39,Male,azhang@yahoo.com,394-209-7589
P0159,Cynthia Wilson,31,Female,ianjohnson@williams-romero.biz,001-775-781-2698
P0160,Gary Salazar,22,Female,ryan80@garcia.com,068.110.1211x9024
P0161,Rhonda Barker,41,Female,stephenrichardson@garcia.info,(739)506-9670x777
P0162,Melissa Bell,44,Male,gonzalesryan@king.com,149-637-0560x147
P0163,Robert Yu,37,Female,barbara74@ford.biz,+1-138-778-3691x7886
P0164,Jack Vasquez Jr.,31,Female,burtonmartin@terry.org,7277384204
P0165,Daniel Taylor,35,Female,heather10@hotmail.com,+1-831-189-3285x4986
P0166,Kelly Roth,28,Female,pmitchell@yahoo.com,001-785-563-8626x95071
P0167,Barbara Kaiser,53,Female,yvaldez@ford-miller.com,066.222.2726x956
P0168,Chelsea Thompson,19,Male,meyerjeffrey@holland-martin.com,147.145.1659x6730
P0169,Leah Hopkins,40,Male,jasonhopkins@ellis.com,110.041.8665x5013
P0170,Sara Dunn,52,Male,christopherwolfe@patel.info,569-522-2068
P0171,Brent Garcia,47,Female,tasha82@ballard.com,6610175975
P0172,Robin Watkins,44,Female,douglasbryan@gmail.com,(663)592-4743x99197
P0173,Shannon Parsons,39,Female,justinscott@franco.com,(611)331-3725
P0174,Krystal Kelley,19,Male,michaelkelley@yahoo.com,347-658-6385x5855
P0175,John Peterson,32,Female,tpena@koch.com,+1-548-825-9868x16199
P0176,Jasmine Evans,58,Male,qmcbride@reynolds.net,+1-719-713-7039x55399
P0177,Ryan Lyons,27,Female,sherryperry@love-harris.com,(316)974-3622
P0178,Bradley Francis,25,Female,patricia40@hotmail.com,001-259-644-4760x82636
P0179,Derek Hall,52,Male,omarwilliams@yahoo.com,853-671-8333x262
P0180,Richard Marshall DDS,58,Female,ynichols@jordan-holmes.org,+1-614-955-0908x649
P0181,Eric Carter,47,Male,rcharles@hotmail.com,+1-336-834-9340x72379
P0182,Kenneth Flores,57,Male,stephencarlson@gmail.com,917-586-4321x347
P0183,Lori Hall,22,Male,turnergeorge@hotmail.com,(104)477-5067x2981
P0184,Melissa Harris,48,Female,mpollard@barber.com,808-437-1646x4649
P0185,Karen Duncan,18,Female,agarza@holder.com,986-331-7935
P0186,Douglas Christian,22,Female,tiffanytownsend@baker.com,067-369-3092x7056
P0187,Mark Bell,36,Male,christopherwilliamson@yang-galloway.com,+1-238-956-9717
P0188,Jessica Collier,37,Female,brownsusan@russell.biz,866-537-3705
P0189,Christine Williams,55,Female,crystal26@barron.com,001-559-243-0420
P0190,Andrew Keith,21,Male,williamsbenjamin@hotmail.com,+1-834-701-8800x7297
P0191,Joseph Mcclain,24,Female,ysampson@shah-kim.org,566.151.2529
P0192,David Downs,19,Female,srice@yahoo.com,782-597-3077x3585
P0193,Dean Garcia,60,Female,kevinkelly@roman-miller.com,+1-320-794-0137x25342
P0194,Lauren Logan,24,Female,michael68@hall-bell.com,(865)240-8020
P0195,Anthony Hill,35,Female,austin49@yahoo.com,(220)447-3322
P0196,Benjamin Harris,22,Female,gomezkristopher@hotmail.com,111-983-4833x8720
P0197,Felicia Clark,53,Female,kimberlythompson@cooper-martinez.com,6337082908
P0198,Jose Carter,56,Male,vickie12@brown-ryan.com,(517)451-6088
P0199,Amber Schwartz,20,Female,bradley51@yahoo.com,9199398290
P0200,Kimberly Hall,32,Male,natalie43@hotmail.com,626-704-7675
P0201,Andrea Hamilton,54,Female,ericbrown@flores.com,299-702-1276
P0202,Jimmy Brown,23,Male,griley@wood.org,163.222.0146x281
P0203,Ryan Lee,57,Male,michaelwilliams@gmail.com,(757)346-6092
P0204,Todd King,33,Female,nicholastucker@morgan-scott.com,001-957-753-5645
P0205,Patricia Roy,38,Female,gjohnson@hotmail.com,+1-183-085-1143
P0206,Daniel Hays,49,Female,nmorgan@white.com,001-804-393-0912
P0207,Steven Garcia,44,Female,ldelacruz@hotmail.com,(213)628-4436
P0208,Sally Wright,36,Female,christensensarah@good-miller.net,657.447.4820x485
P0209,Alyssa Simpson,33,Female,theresa19@tran-leonard.com,001-648-835-1971x283
P0210,Kristy Hayes,44,Female,hernandezdanny@robinson.info,+1-609-748-7226x98950
P0211,Mary Berry,26,Male,suarezstacey@hotmail.com,(276)356-0362x0229
P0212,Allison Meza,56,Female,khaley@gmail.com,(109)677-7362
P0213,Jeremy Combs,51,Male,william95@norris.net,729-610-7904x6870
P0214,Brandy Khan,34,Male,sgarcia@chan.biz,081-339-8335
P0215,Miss Julia Gallagher,53,Female,millerjasmine@hotmail.com,(168)308-2376
P0216,Susan Munoz,30,Female,patricksmith@hotmail.com,001-378-808-0269x5233
P0217,Emily Frank,28,Female,lauriemartin@castillo-fitzgerald.com,+1-837-597-3150x6020
P0218,Samantha Harris,48,Male,victormcgee@kim.info,001-505-248-0041x2763
P0219,Christopher Castillo,35,Male,smithcolleen@patterson.com,001-963-029-0407x31939
P0220,Matthew Villanueva,54,Female,chanjustin@yahoo.com,380.789.1066x0322
P0221,Renee Ellis,27,Female,nathan72@watson.info,+1-244-033-7309x57203
P0222,Christopher Lawson,41,Female,sotobrandy@hotmail.com,(617)659-1504x7765
P0223,Alejandra James,29,Female,rdavis@gibson-barrett.biz,(789)578-5247
P0224,Emily Russell,39,Male,jennifer26@long.com,712-550-4476x94277
P0225,Kevin White,41,Female,vbennett@hotmail.com,7396294922
P0226,Jennifer Perez,48,Female,victorlopez@yahoo.com,7966153521
P0227,Kevin Smith,32,Male,brianmartin@gmail.com,+1-832-445-6284
P0228,Jeff Torres,56,Female,leebrandy@owen.com,+1-166-927-5423
P0229,Paul Williams,43,Female,leefarley@hotmail.com,001-306-060-7441
P0230,Travis Campos,46,Female,reyesjason@cross.com,(088)881-8976
P0231,Savannah Scott,45,Male,julie66@long-watson.com,(857)010-8323x891
P0232,Brian White,47,Male,trevortaylor@dixon-jacobs.com,857.258.2188
P0233,Rebecca Keith,45,Male,tracyhawkins@rhodes-fuller.biz,001-566-476-5669x5168
P0234,Jill Weaver,42,Female,campbellwendy@gutierrez.com,379-319-7344x023
P0235,Patricia Shaw,60,Female,reynoldsgregory@hotmail.com,757.934.7759
P0236,Steven Friedman,28,Female,christopherbriggs@preston.org,3742174310
P0237,Cynthia Macdonald,51,Male,amyrivera@mclaughlin-reid.com,5219347532
P0238,Marissa Adams,39,Male,iburns@hotmail.com,448-320-0110
P0239,Richard Miranda,33,Female,michaelwheeler@hotmail.com,636.681.3967
P0240,Rachel Mills,40,Female,wmoore@hotmail.com,8175962559
P0241,Sherry Daniels,33,Male,scottfuller@yahoo.com,7359574829
P0242,Chelsea Davis,22,Female,reginaryan@robertson.info,001-012-599-9093
P0243,Andrew Smith,59,Male,zhansen@gmail.com,686.604.2357
P0244,Eric Harris,43,Female,cassandra92@davidson.com,+1-530-683-3795x36902
P0245,Javier Mendoza,19,Female,qfrank@hanson.net,+1-624-477-7510x54968
P0246,Melanie Robbins,59,Female,burkealbert@salazar.com,001-175-594-0346
P0247,Elijah Jefferson,33,Male,michaeljohnson@gmail.com,562.799.6527x655
P0248,Valerie Novak,33,Female,nhart@yahoo.com,108.830.2614x9191
P0249,Cynthia Duran,25,Female,millerjacob@gmail.com,+1-831-913-5165
P0250,Alexander Wilkins,46,Male,fharrison@rich.com,749-434-7678x7705
P0251,Eric Ware,53,Female,kentemily@mercer-silva.com,+1-365-498-0144x192
P0252,Sarah Becker,20,Male,reginacochran@gmail.com,201-728-8399x83954
P0253,Sarah Cochran,23,Female,khernandez@rogers.info,574.018.8422
P0254,April Thomas,34,Female,robert11@burns.biz,001-085-259-2005x093
P0255,Stacy Lester,39,Male,amy74@hotmail.com,+1-314-128-9576x059
P0256,Richard Chandler,37,Female,reynoldslori@watkins-pratt.net,001-846-307-1640x0291
P0257,Nicole Miller,51,Male,mckaynicholas@miller-thomas.com,259-393-9043x4579
P0258,Daniel Martinez,37,Male,scottwilliams@hotmail.com,(159)270-8295x402
P0259,Don Carey,54,Male,okennedy@jones-pena.com,+1-119-886-3734x539
P0260,Jason Levine,42,Male,garzasteven@dickson.com,374.008.8394
P0261,George Rosario,39,Female,susan31@gmail.com,013.017.7205x23398
P0262,Nancy Cooley,26,Female,aaron43@perez.com,001-853-604-0926x006
P0263,Ronald Bonilla,27,Male,hwilliams@dixon-gonzales.com,800-729-7735
P0264,Nicole Tucker,21,Male,vferrell@hotmail.com,+1-443-527-7807x5970
P0265,Lisa Sanchez,26,Female,sloanshannon@spencer.info,(998)770-7188x588
P0266,Monique Anderson,55,Male,kbrown@yahoo.com,(076)135-6084x3678
P0267,Brian Browning,46,Male,hvega@yahoo.com,719.856.2193x6188
P0268,Jessica Lloyd,20,Male,laura49@yahoo.com,5168625309
P0269,Russell Montgomery,50,Female,martinezchristopher@quinn-baxter.org,4255639718
P0270,Michelle Martin,58,Male,kthompson@marshall.com,853-286-8840
P0271,Jacob Contreras,54,Female,jose36@gmail.com,5556204020
P0272,Connie Johnson,50,Female,nmanning@huffman-snyder.com,001-751-362-4892x82067
P0273,Mrs. Sarah Howell MD,21,Male,fmurphy@ramirez.biz,001-244-137-3261x08812
P0274,Nathaniel Flores,34,Male,brownemily@hotmail.com,373-489-8083
P0275,Lisa Wyatt,36,Female,jimmymartin@carter.com,001-788-494-9066x6522
P0276,Pedro Gibson,39,Female,bmolina@potter-carpenter.com,001-908-867-2449x07433
P0277,Emma Gibson,34,Male,joannasilva@hogan.com,119.535.6013
P0278,Joyce Miller,38,Female,jeffreymendez@yahoo.com,397.080.5350
P0279,Abigail Collins,40,Female,juan61@hotmail.com,095.393.8413
P0280,Ricky Young,34,Male,kim99@gmail.com,(734)940-0604
P0281,Ryan Campos,38,Male,erinmiller@rowe-barron.com,001-157-805-7687x2474
P0282,Dylan Perry,19,Male,bthompson@mccarthy.com,296-649-0638x60269
P0283,Jason Nolan,59,Male,floreswesley@yahoo.com,(905)325-0580x365
P0284,Christopher Peterson,30,Male,deborahpark@gmail.com,373.668.3738x4594
P0285,Justin Arias,21,Female,brewerdennis@gomez.com,834-107-3219x720
P0286,Meredith Martin,48,Female,lindsayholmes@gmail.com,832.779.3662x75218
P0287,Jessica Harris,18,Male,farmerbianca@lopez.org,206.885.0913x5796
P0288,Ryan Allen,57,Male,blake09@hamilton.com,001-565-821-8255
P0289,Brian Rodriguez,20,Male,taylorweaver@smith.com,935.534.0035
P0290,Edward Lopez,30,Female,jmarks@yahoo.com,875.405.5567
P0291,James Jackson,41,Female,jessicagoodwin@yahoo.com,+1-274-510-1226x6165
P0292,Barbara Owens,22,Female,sydney06@lewis-roberts.com,+1-801-327-8755x72452
P0293,Heather Reynolds,48,Female,felicia43@hotmail.com,8679313890
P0294,James Benson,27,Female,jeremy98@yahoo.com,001-120-647-1875x001
P0295,Laura Kelly,57,Male,alishacox@gmail.com,740.981.4599x902
P0296,John Mccullough,36,Female,glenndaniels@yahoo.com,824.712.6971x2322
P0297,Nathan Lewis,32,Female,chanmichelle@smith.biz,001-425-990-0666
P0298,James Edwards,48,Female,fweiss@evans.com,(107)306-3361
P0299,Bradley Hanna,60,Female,timothyrivera@aguilar.com,(505)912-1779x615
P0300,Ryan Johnson,39,Female,amber46@ramos.biz,468.186.7548x5313
P0301,Wanda Hernandez,47,Female,karen70@taylor.info,(113)642-8673
P0302,Michael Valdez,42,Female,joseph96@hotmail.com,374.535.4829x73667
P0303,Carolyn Fry,34,Female,gcarter@gmail.com,3104505219
P0304,Judith Wilkins,38,Male,hannahreyes@gmail.com,001-688-165-7360
P0305,Sara Mora,27,Male,kevin07@evans-wolf.com,001-352-610-3570x0719
P0306,Susan Vazquez,38,Female,kimacosta@yahoo.com,0210834222
P0307,Nicole Torres,34,Male,browndiana@hotmail.com,4731321779
P0308,Kerry Hart,34,Male,rrodriguez@hotmail.com,195-417-6842
P0309,Brian Simpson,42,Male,vmclaughlin@yahoo.com,023.811.4723x5627
P0310,Bradley Ware,60,Female,emily58@hotmail.com,+1-122-753-6361
P0311,Virginia Huerta,35,Female,franklinmartin@adams.com,643-408-7435x2248
P0312,Brittany Jackson,18,Male,tiffanyjoseph@gonzalez.biz,284.779.4367x567
P0313,Shawn Velasquez,38,Female,wgardner@coleman.net,2256587610
P0314,Brandi Mullins,40,Female,uwatson@gmail.com,832-948-4777x83149
P0315,Jeffrey Torres,20,Female,mcguirelindsay@rivas.info,(627)977-3003x9345
P0316,James Cruz,18,Female,garciajennifer@levy.com,586-149-1506
P0317,Christine Zimmerman,38,Male,tasha01@yahoo.com,001-380-250-3298x56473
P0318,Charles Murillo,25,Female,pwalker@dodson.com,001-706-900-4542x383
P0319,Rebecca Smith,57,Male,sarah00@hotmail.com,661.592.0055
P0320,Dr. Robert Ellis,40,Male,tyler27@williams-drake.com,(762)906-5480x5884
P0321,Sherry Jensen,53,Male,cjacobs@hotmail.com,(417)695-8701x2127
P0322,Nicole Cowan,53,Female,athomas@knight.org,001-729-081-9608x018
P0323,Teresa Ryan,56,Male,raymond25@garcia-alvarado.info,1754119576
P0324,Timothy Taylor,46,Male,taylordavid@bowen-perez.com,+1-535-628-2401
P0325,Michelle Henson,53,Male,jerry08@hotmail.com,201-154-3690
P0326,Anne Wright,22,Male,christopher53@yahoo.com,091.205.6866x42111
P0327,Stanley Leonard,32,Male,jocelyn58@gmail.com,001-366-685-6539x232
P0328,Sabrina Garcia,29,Male,kimberly37@jones.com,172-142-6162
P0329,Gregg Williams,39,Female,joshuamarsh@cruz.net,+1-160-576-5352
P0330,Richard Guerra,60,Female,amoreno@rodriguez.com,001-991-766-0732x16245
P0331,Kimberly Kramer,19,Female,huberanthony@thomas.com,810.378.8406x0150
P0332,Kelly Sanders,24,Male,fsims@rose-carpenter.com,554-824-3313x88985
P0333,Daniel Long,28,Female,murphyanthony@hotmail.com,001-460-384-1062x987
P0334,Taylor Mills,49,Male,christina38@bowen.com,001-742-101-6445x33744
P0335,Adam Hansen Jr.,31,Female,jeffrey65@meyers.biz,418-173-3685
P0336,Madison Cain,56,Female,mendezshawn@hotmail.com,001-158-359-5705x94176
P0337,Anna Duarte,60,Male,erinmiller@yahoo.com,(507)576-2849
P0338,Robin Ruiz,27,Female,richardsonmichelle@hotmail.com,+1-567-620-0702x481
P0339,Jerry Cooper,41,Male,scott34@yahoo.com,001-100-551-3850x231
P0340,Dylan Price,29,Male,cindybrown@jordan-wells.info,+1-458-469-2886x49710
P0341,Richard Duran,27,Male,kristen29@rosales-green.org,001-025-585-4730
P0342,Heather Nunez,22,Female,zthompson@gmail.com,670.393.9813
P0343,Lisa Valenzuela,30,Male,bryanclark@martinez.biz,972.029.2912x7193
P0344,Dr. Matthew Wolf,40,Female,carl84@green.com,+1-615-596-4894x35240
P0345,Adam Ramsey,32,Female,kadams@aguilar.net,553-536-7805x25036
P0346,Mr. Tyler Joseph,35,Female,currymichael@gmail.com,714.807.5452x78442
P0347,Robert Perkins,39,Female,chelsea00@gmail.com,710-629-7564
P0348,Donna Schultz,28,Male,lopezmarie@hotmail.com,608-746-7518x391
P0349,Duane Weaver,34,Female,dayangela@simmons-sanchez.com,822-423-7044x2448
P0350,Melissa Hopkins,30,Female,belljay@yahoo.com,217.871.9306
P0351,Teresa Rodriguez,51,Male,arnoldbradley@hotmail.com,1547875571
P0352,Dustin Romero,37,Male,frostjacqueline@cabrera.com,(092)214-5108x7263
P0353,Gregory Davis,23,Male,sarahwarren@gmail.com,199-596-4999x98514
P0354,Zachary Stone,37,Female,hahnrobert@cortez-zuniga.com,001-571-430-0906x061
P0355,Paul Keller,33,Female,iriggs@hotmail.com,(973)312-4100
P0356,Clifford Castro,20,Female,gardnersandra@hotmail.com,622-667-2769x1181
P0357,Kathryn Clarke,47,Male,dsmith@hotmail.com,(173)600-5702
P0358,Michael Davis,31,Female,cathymack@ross.com,811.917.6823
P0359,Mary Alvarez,20,Female,ymorris@valencia.info,001-886-129-0093
P0360,Joe Mathis,50,Female,jacquelinepalmer@hotmail.com,219.871.6343x13622
P0361,Kristin Richards,41,Female,williskevin@yahoo.com,7170521492
P0362,Kevin Gray,34,Female,lewisrobert@yahoo.com,(456)745-2373x706
P0363,Michael Smith,54,Female,jonesemily@thomas.com,+1-294-995-7654x3151
P0364,Julian Lewis,19,Female,taylordeanna@yahoo.com,233-531-2707x3342
P0365,Ronald Smith,19,Male,nicholasaguilar@hotmail.com,771-365-8529
P0366,Anthony Cowan,24,Male,lfrancis@jackson.info,001-980-066-7705x429
P0367,John Wright,44,Female,parkjoseph@gmail.com,+1-125-458-8216
P0368,Nicholas Herman,59,Female,eschwartz@hotmail.com,001-855-408-8444x0143
P0369,Francisco Williams,31,Male,justin67@smith.com,+1-850-634-0861x099
P0370,Kristin Acevedo,57,Female,rlarson@gmail.com,+1-033-128-0593x119
P0371,James Mckinney,60,Female,dunnshaun@yahoo.com,015.176.4982
P0372,Benjamin Gill,52,Male,torresdarren@brown.info,+1-193-164-2702x609
P0373,Carlos Boyd,30,Male,ulee@yahoo.com,(980)294-1679
P0374,Elizabeth Henderson,18,Male,johnmurray@gmail.com,798.333.5137x58053
P0375,Melanie Burgess,18,Male,whiterebecca@walls.com,710.358.7642x2752
P0376,Shannon Berry,43,Female,lsilva@yahoo.com,206.187.5954
P0377,Zachary Blair,49,Male,courtney52@montes.net,507.332.0941x85390
P0378,Jaime Daniels,47,Male,nicolewilliams@lewis.org,(284)227-8310x27997
P0379,Logan Douglas,26,Female,qlee@yahoo.com,+1-671-338-1591
P0380,Mr. Shawn Shepard MD,19,Female,benjaminrobertson@gmail.com,001-179-711-3923
P0381,Benjamin Jefferson,41,Female,ballkelli@yahoo.com,001-250-617-7097
P0382,Benjamin Cross,53,Female,seanramirez@sellers.net,010.447.7195x028
P0383,Martin Newton,57,Male,bevans@yahoo.com,(849)391-4597
P0384,Timothy Esparza,23,Male,martinezstephen@hotmail.com,295-075-5195x247
P0385,Molly Little,34,Male,reyessarah@hotmail.com,(000)748-8375x69783
P0386,Rebecca Harrison,53,Female,pdavis@brooks-peterson.net,835.530.2607x48602
P0387,Amy Jones,56,Male,vedwards@allen.com,759-545-0469x0088
P0388,Stephanie Harris,22,Male,jacksonlatasha@watson.com,036.996.0168x675
P0389,Jessica Yang,28,Male,webbvanessa@gmail.com,625-486-9968
P0390,Randy Roberts,59,Male,christina53@fox.com,+1-115-600-0579x2519
P0391,Lauren Wall,21,Female,lisa69@hotmail.com,041-783-9620
P0392,Jennifer Tucker,40,Male,nbell@yahoo.com,001-283-137-8622x081
P0393,Jerry White,31,Male,boltonteresa@hotmail.com,+1-903-111-1399x21469
P0394,Joseph Decker,60,Male,joneschristopher@hurley-brown.org,378-814-7293x892
P0395,April Parrish,22,Female,twilson@marsh.com,800-166-4326x37003
P0396,Sandra Bailey,42,Female,jwhite@young.com,213.298.3677x108
P0397,Robert Cortez,58,Male,kjenkins@strickland.info,(130)415-1149x877
P0398,Richard Dean,54,Female,mturner@gmail.com,(011)158-1070
P0399,Curtis Johnson,50,Male,cody95@phillips-palmer.net,001-230-635-4547
P0400,Brooke Hooper,34,Male,margaret39@gmail.com,+1-710-799-0544
P0401,Kendra Sullivan,22,Female,brittany07@graham.com,(831)997-0749
P0402,Kelly Snyder,34,Female,bondnancy@soto.net,905-119-1203x14499
P0403,Jason Brooks,26,Female,carl27@rodriguez-collins.net,009.840.8145
P0404,Matthew Morrison,42,Female,lewistroy@mcdonald.com,+1-406-594-5321x9277
P0405,Catherine Adams,28,Male,doylewilliam@gmail.com,+1-797-142-9535x2473
P0406,Lisa Boyer,18,Female,samanthaward@yahoo.com,0819810176
P0407,Kristen Cruz,38,Female,daniellemiller@gmail.com,729.968.9938x2196
P0408,Lauren Evans,24,Male,ryan36@gmail.com,001-125-537-4526x7087
P0409,Angela Wilson,35,Female,davislucas@payne.com,+1-035-142-1527x330
P0410,Annette Hudson,26,Male,xshah@hotmail.com,309-913-1253x002
P0411,Timothy Taylor,20,Male,qjimenez@gmail.com,001-908-265-2205x016
P0412,Amanda Yates,48,Female,shirleybennett@pittman.com,+1-337-513-7311x900
P0413,Sandra Montoya,50,Male,nvazquez@russell-davis.net,852.334.7245x7558
P0414,David Green,28,Male,nicole98@gmail.com,1586889371
P0415,Sandra Jensen,49,Female,brian96@bailey.org,(717)763-3257x3519
P0416,Emily Jackson,47,Male,bryantdavid@hotmail.com,+1-575-782-9210x855
P0417,Robert Shepherd,41,Female,chad27@davis-blair.com,(232)851-7075x0334
P0418,Rebecca Sutton,22,Male,bbutler@yahoo.com,(716)841-2702x816
P0419,Mike Torres,43,Male,thomasmoreno@anderson.com,(672)351-0159
P0420,Anthony Russell,29,Male,gjenkins@yahoo.com,001-959-431-0610x8156
P0421,Bobby Salas,23,Male,christian46@flores.com,(009)664-3703x05464
P0422,Dennis Perez DDS,30,Male,hmiller@jacobson.info,+1-827-927-7122x319
P0423,Rodney Sparks,23,Male,stevenvega@yahoo.com,853.454.6024x07120
P0424,Haley Waters,25,Male,normannathan@murray.info,(731)020-8568x36144
P0425,Mackenzie Aguilar,35,Male,powellshannon@yahoo.com,(856)513-9506x2652
P0426,Jenny Ramirez,32,Male,dustinespinoza@hotmail.com,(656)669-6708
P0427,Gabrielle Fisher,44,Female,vanessa09@charles.biz,0253933542
P0428,David Murray,55,Male,haneyjason@hotmail.com,642.253.3650x42620
P0429,Angela Miller,32,Female,alyssathompson@hotmail.com,7602296211
P0430,Marvin Wade,43,Female,randy30@gmail.com,620.195.4837x41924
P0431,Robert Joseph,29,Male,lkirby@ortega.net,824-749-4059x6863
P0432,Seth Castillo,32,Female,williamssarah@gmail.com,365.745.1241
P0433,Joel Davenport,34,Male,smithpeter@allen.com,759.323.9036x95154
P0434,Robert Mitchell,49,Female,ashleylee@hotmail.com,001-902-384-4033x1022
P0435,Sara Grant,38,Female,kjones@yahoo.com,3148028787
P0436,Sonya Huber,46,Female,smiller@yahoo.com,326.188.0744x74744
P0437,Michael Salas,38,Male,kanejoseph@hotmail.com,420-712-3434x958
P0438,Brittany Henderson,22,Male,tiffany73@hotmail.com,001-984-024-8062x6586
P0439,Katherine Fields,60,Female,njones@yahoo.com,001-845-490-6118
P0440,Kevin Garcia,46,Male,michael71@gmail.com,+1-558-068-8007x001
P0441,Maria Herrera,55,Female,tgill@yahoo.com,(542)536-8741
P0442,Dominic Brooks,56,Male,cannoncarol@lyons.net,+1-245-352-3781x682
P0443,Brittany Ashley,31,Male,nicolefox@gmail.com,105.924.3471x970
P0444,Miranda Charles,46,Female,ydougherty@scott-hudson.com,001-643-419-3745x22855
P0445,Brenda James,28,Female,andreajimenez@page-ayala.info,001-410-390-7060
P0446,Lisa Dillon,57,Female,kennethpatel@ray.com,+1-101-218-2391x561
P0447,Laurie Harris,25,Female,dustinshannon@wright.com,+1-431-223-2773x792
P0448,Thomas Roth,56,Female,amythomas@singleton.org,904.737.0899
P0449,Eric Waller,35,Female,john08@hotmail.com,+1-988-801-6057
P0450,Chelsey Wagner,31,Female,donald11@jennings.biz,(527)627-8720x5393
P0451,Micheal Williamson,26,Female,carrieknight@yahoo.com,755.729.2240x6277
P0452,Alexis Lewis,41,Male,clarkdavid@gmail.com,(169)034-0011x927
P0453,Jessica Ortiz,24,Female,timothynelson@rodriguez-valdez.com,+1-818-635-9893x64713
P0454,Anita Harding,38,Male,bclark@cruz.com,526.175.4470x36099
P0455,Timothy Bradford,42,Female,dawngomez@gmail.com,5977090315
P0456,Susan Copeland,26,Female,shawnfinley@yahoo.com,758-366-9435
P0457,Linda Wood,35,Male,carrieward@peterson-brown.com,+1-594-165-5354x817
P0458,Laura Scott,53,Female,katherine96@yahoo.com,766.179.6410x53592
P0459,Seth Mccoy,40,Female,kbishop@yahoo.com,406-446-0465x340
P0460,James Johnson,29,Female,hcampos@white-garcia.com,851-488-9110
P0461,Calvin Graham,54,Male,zgreen@yahoo.com,7195194917
P0462,James Salas,53,Male,gfreeman@yahoo.com,(912)569-2167
P0463,Dustin Wright,38,Female,qwashington@harris-mack.com,126-740-7060
P0464,Jean Page,44,Male,tiffany07@thompson.com,7714842290
P0465,Mary Holland,29,Male,jessica56@gmail.com,001-622-532-4535x37847
P0466,Joel Brown,23,Male,susan50@yahoo.com,(941)484-9200
P0467,Barbara Gonzalez,22,Male,james94@hotmail.com,+1-957-970-9813
P0468,Daniel Hayes,34,Female,johnsontimothy@johnston-holmes.org,421.839.1606x9385
P0469,Dawn Le,18,Male,benjaminhardin@yahoo.com,722-470-3423x705
P0470,Thomas Santana,58,Male,amanda84@yahoo.com,564.816.9133
P0471,Derrick Mack,47,Male,jamie12@colon.com,(442)605-6304x6966
P0472,Jason Davidson,27,Female,jeffreymoore@yahoo.com,082-550-9593
P0473,Erica Stark,26,Female,fanderson@snyder.org,(590)361-3777x4433
P0474,Russell Rodriguez,20,Female,millerbradley@hotmail.com,774.028.1203x01012
P0475,Austin Sharp,51,Female,jessica73@yahoo.com,4158784961
P0476,Christopher Pace,59,Female,hhubbard@hurley-jackson.com,(762)211-5663x928
P0477,Sonya Gray,57,Female,angelaavila@davis.com,+1-969-548-8465
P0478,Dr. Kelly Robertson,38,Male,samanthablake@byrd.org,+1-496-428-0817x66941
P0479,Jimmy Young,54,Male,amy50@gmail.com,+1-878-849-9443
P0480,Angelica Aguilar,31,Female,karen84@glenn.com,1851227380
P0481,Brian Hardin,39,Female,michellejimenez@gmail.com,545-240-5638
P0482,Ryan Rivera,58,Male,ufuller@hotmail.com,8134525242
P0483,Brian Woodard,60,Male,vgarcia@gmail.com,546-931-5646
P0484,Tammy Franklin,42,Female,peckscott@thompson.com,001-875-288-0784x262
P0485,Nicholas Hayes,35,Male,qholland@hotmail.com,209-009-4580
P0486,Billy Harris,27,Male,mkeith@robertson.net,001-065-438-9685x3622
P0487,Jessica Allen,23,Female,strongjasmine@yahoo.com,072-882-9832x91136
P0488,Kevin Graham,49,Female,feliciahurst@chase.com,641-092-9917x94174
P0489,Mario Shaffer,37,Male,jodimontgomery@gutierrez-rice.info,975.397.3880x7912
P0490,Christopher Page,23,Male,belljean@ferguson-cohen.org,001-043-636-8473x18325
P0491,James Hutchinson,55,Male,joneswesley@gmail.com,724-044-5750
P0492,Amy Robinson,44,Male,dylan27@yahoo.com,+1-000-305-5053x94229
P0493,Laura Stewart,48,Male,ngarcia@yahoo.com,+1-328-280-6684x0360
P0494,Michelle Roberts,29,Male,richard11@welch-lewis.com,(057)622-9834
P0495,James Carlson,49,Female,tonythomas@yahoo.com,001-696-874-4286x04471
P0496,Peter Castro,24,Male,rachel04@gmail.com,001-301-973-9261x3987
P0497,Curtis Williams,49,Female,adaugherty@newton.info,+1-049-783-4325x210
P0498,David Fletcher,22,Female,jasmineleach@yahoo.com,+1-307-786-7159
P0499,Larry Tran,48,Male,udouglas@gmail.com,+1-122-978-3739
P0500,Susan Willis,36,Female,cbrown@yahoo.com,361-914-6354
